[
{
		"name": "Nabi Ilyasa' AS",
		"thn_kelahiran": "885",
		"usia": 90,
		"description": "Ia putra dari paman Nabi Ilyas. Melaksanakan dakwah setelah Nabi Ilyas wafat. Karenanya dalam berdakwah ia berpegang pada syari'at dan metode nabi Ilyas. Al Qur'an tidak menguraikan tentang Nabi Ilyasa. Hanya dijelaskan.\n\n \"Dan ingatlah akan Ismail, Ilyasa, Dzulkifli.\n\n Semuanya termasuk orang-orang yang paling baik.”(Q.S. Shaad : 48) \n\n Nabi ini termasuk hamba Allah yang terbaik.\n\n Konon nabi inilah yang disebut dalam kitab Taurat.\n\n Di antara mukjizatnya adalah menghidupkan kembali orang yang telah mati.\n\n Ilyasa adalah rasul dari kalangan Bani Israel dari garis keturunan yang sama dengan Musa, Harun serta Ilyas.\n\n Nama Ilyasa disebut dalam kisah Ilyas, saat rasul itu dikejar-kejar kaumnya dan bersembunyi di rumah Ilyasa.\n\n Maka besar kemungkinan Ilyasa juga tinggal di seputar lembah sungai Yordania.\n\n Ketika Ilyas bersembunyi di rumahnya, Ilyasa masih seorang belia.\n\n Saat itu ia tengah menderita sakit.\n\n Ilyas membantu menyembuhkan penyakitnya.\n\n Setelah sembuh, Ilyasa pun menjadi sahabat Ilyas yang selalu mendampingi untuk menyeru ke jalan kebaikan.\n\n Ilyasa melanjutkan tugas tersebut begitu Ilyas meninggal.\n\n Ilyasa kemudian mendapati bahwa manusia ternyata begitu mudah kembali ke jalan sesat.\n\n Itu terjadi tak lama setelah Ilyas wafat.\n\n Padahal masyarakat lembah sungai Yordania itu sempat mengikuti seruan Ilyas agar meninggalkan pemujaannya pada berhala.\n\n Pada kalangan itulah Ilyasa tak lelah menyeru ke jalan kebaikan.\n\n Dikisahkan bahwa mereka tetap tak mau mendengar seruan Ilyasa, dan mereka kembali menanggung bencana kekeringan yang luar biasa ",
		"tmp": "Damaskus",
		"image_url":"http://3.bp.blogspot.com/-bR3PEHujmUU/Vn3XtNGYhwI/AAAAAAAABvI/jfYCdJ7pW4I/s320/ilyasa.png",
		"icon_url":""
}
]